Easting,Northing
300400,202800
319100,685400
260600,296000
314870,186950
294612,378681
308278,194824
394127,805872
240400,336100
330500,213600
258500,281600
547374,179035
359870,374560
226020,861473
200290,848440
255000,622000
216403,858519
422200,601500
639900,310000
412400,283500
375730,428575
520645,180295
520360,181230
409880,287250
299500,662300
623391,153976
391200,380300
505587,164866
360200,413135
454375,408725
340790,406775
338400,385700
331101,412224
336625,397890
275034,656191
276000,665200
418566,571308
547855,172860
381900,304500
384317,378563
460100,167345
486656,150424
527984,105666
340921,384909
530295,190460
442300,356100
441449,514558
288800,693115
266000,869400
423115,611040
606525,221515
380070,355130
624182,152457
590524,197929
300340,945680
472352,139697
483960,410625
377026,387931
402300,272000
239300,679900
261747,665542
434900,351600
496379,198188
502632,111812
262400,212700
498400,344375
435565,145938
257960,665300
534605,169900
535200,192200
506513,102979
319300,566200
334601,427689
254880,668683
368640,520680
597566,129760
352475,409360
452542,193698
506245,204874
363900,741000
231200,704600
260030,890446
231700,715500
222540,642090
223799,642211
223070,642050
385900,397200
259220,664970
166400,786700
519045,237820
294050,667140
350475,546340
346070,478870
503520,444275
502444,106417
492200,168300
430114,218841
506580,171947
259427,668485
387191,397229
392630,233390
518040,159000
601282,142204
489934,150834
377370,384370
393840,399400
550726,138801
489273,153342
529770,238615
321500,477688
474130,339920
493944,236751
314390,541260
408790,289600
192456,839125
368347,403716
430400,298000
451790,334585
605177,295033
551600,236300
289566,812339
380500,160100
351544,178168
329260,98225
572017,158687
481779,213470
478641,215341
234060,621390
340545,368340
385764,391618
491391,163627
416305,439360
530670,130115
524540,234264
528500,173200
267750,663275
239000,681900
348417,731698
420800,382500
211300,776700
257500,371600
524588,160432
232900,632900
345439,464613
315100,200000
544410,184340
388800,338400
572970,156891
522200,175700
319955,469932
457820,317200
310700,167200
312400,167800
311500,166700
506200,423530
570368,188330
553100,156800
375248,164353
424985,423790
528745,176960
575470,115569
531537,208274
316711,180978
538040,171375
537395,169850
537380,169865
485320,159875
329500,363400
629849,169444
494004,191144
458550,223112
458675,221950
513482,202017
470781,106529
358800,171400
328400,390800
417149,260721
170900,785000
252005,845807
333300,385000
642600,290500
504167,249744
436270,286952
428020,164586
618942,156029
525545,162065
537780,172295
434808,347510
549515,179215
519000,471730
577733,185893
244000,67400
245230,63545
499336,208139
413761,413853
552603,106774
339605,414535
505000,249015
453370,336220
279500,356500
503860,439600
574495,107536
549380,173435
274700,192300
278530,697720
400610,273670
418728,283685
405990,287950
407400,286800
406875,286659
406950,287275
533700,195400
542370,168770
519241,244351
387500,302900
567500,195000
508803,125123
470535,340160
365180,390785
535335,169000
243700,670500
323300,685600
443890,113380
333018,415759
415340,411180
335577,273680
430140,102008
424400,277600
269984,345894
272230,665585
388065,278725
269265,657975
287000,765300
418500,563500
535800,189345
330665,432919
331024,436693
331008,434110
470920,349865
531714,180914
260865,664850
434957,106287
368500,427900
539640,176005
289672,666743
410600,300800
388113,396196
331100,399500
446625,523620
398900,303075
399320,302270
362400,410700
273245,660055
486859,233741
445745,402695
568000,147800
395600,341200
356500,425810
389210,384872
465518,159440
446160,240427
578447,287245
410800,439165
494008,181378
261025,667160
334496,393867
413400,447750
521460,176230
350270,495765
434735,406535
505400,409900
479211,143053
517460,177865
366715,468970
335173,387821
211030,64058
238600,370200
493415,99389
230738,674875
371900,408700
409660,91970
512784,155640
230100,739400
309370,489305
334040,395642
333964,394890
489456,187260
260900,290100
560898,157424
481246,105435
532301,344118
481080,339260
452170,113260
405100,281000
489604,234787
530245,191470
244300,673700
516744,151865
486910,168969
416370,433430
416594,432780
576925,222100
576093,222736
641200,283400
405760,91930
399000,393800
524755,184450
524225,183940
382522,160678
330790,136975
460950,86877
517930,466857
377918,564486
408400,286000
392755,391823
295600,660600
346300,730900
487700,427910
270270,663955
290769,179848
500400,406900
531315,105780
531000,104920
249840,659320
495897,104367
414660,422440
260732,663992
384530,436438
536315,197035
274200,194800
315200,202000
531100,175500
524119,204007
332090,388990
332205,388427
329790,390256
331004,389456
495200,156954
519700,168070
427900,435165
334359,381001
334200,381900
372914,413133
423990,434400
261200,315900
355055,559972
396870,269355
225000,675500
391120,392823
550115,176210
594842,196511
255561,132541
646000,305300
340699,390337
536420,175790
540380,169630
540430,168702
339900,280900
290657,904141
493870,426555
537403,207228
222600,581600
354200,733700
344457,412406
344465,411545
262100,660380
639131,167997
359700,172400
362474,179570
502888,422510
464490,343330
559315,193035
533795,190110
632904,307967
631470,308340
331330,672710
368800,134800
399410,653445
434590,562900
357165,400547
300100,505978
420890,529170
420891,529170
400700,296140
254355,671795
261000,670100
549155,220894
463774,152529
316388,129039
546930,99908
579882,156119
585300,265200
521052,151317
297790,668324
534715,182340
411070,299420
577665,194895
456360,405590
458900,507300
635120,305650
201670,59335
302500,253300
454040,345010
590310,233920
531625,118805
416300,445805
383095,432760
383960,433050
383700,432100
448985,109585
424200,323200
258220,656430
511858,195322
511818,195340
405910,373750
548320,175995
549688,123341
505854,162285
254960,199115
313240,168880
330950,357240
243428,68775
546195,257245
286760,680730
534850,183240
430880,278010
532620,180890
152930,38745
319074,174883
318838,176539
277490,658850
336520,476235
340240,555500
264930,662230
289878,822465
302890,291880
442680,425490
534120,155420
537365,173600
537260,173560
318260,177320
444640,455925
224830,59110
515850,181765
285100,379100
553472,129725
512341,158897
164830,39696
363490,133520
258460,660580
347400,187600
321700,695000
253570,664630
234480,677330
331060,356230
260480,660580
410300,440260
536520,174740
558920,178770
258075,126080
610683,155227
375640,394440
575547,167608
435230,219440
485890,104320
387570,386580
492232,218549
547650,187610
524447,163336
405510,379480
381385,374850
353600,193700
536647,202307
359778,107585
438800,371400
450940,436980
418630,627040
539200,194610
392080,173730
328470,337830
520380,177220
499647,197573
585303,185582
570552,207068
546950,164020
393242,222099
503130,147257
403830,382600
458452,186039
356441,419855
358666,417520
374300,428310
435533,396309
589770,228860
415300,93200
258050,665830
514800,129200
502597,196090
530235,180455
527685,158275
543200,169400
411460,293100
518400,164145
517900,163300
341335,366985
613615,166817
274320,654250
365900,426400
503825,166390
300440,251250
253914,662940
617600,215300
504560,152714
534780,186540
201500,220940
420800,264370
601570,224837
600000,224865
599100,226417
530695,184363
282030,667700
280365,658470
357600,174130
483680,361500
374170,441990
607800,153700
536370,169550
529820,175710
527205,175500
527200,175500
527201,175500
527202,175500
527203,175500
373265,467800
257410,657460
427190,551170
530630,409060
379230,402915
375635,242450
249768,670121
515097,163755
211900,219300
302400,201300
487573,160441
276410,673880
263950,660620
529175,184185
621410,342040
241280,219710
398600,309830
535475,179475
532380,185040
356600,734500
614645,157285
614552,158395
638140,303680
263725,664555
272930,665125
273170,665600
274620,665280
570992,106566
386440,303300
317460,172560
540077,113474
419900,291000
388135,439850
529870,159060
530091,159756
441850,215060
466500,510030
450900,399450
387220,362320
191470,734050
254105,855032
399305,446825
278049,377466
488690,185060
223885,63619
276700,103120
489160,288690
209680,776720
235620,766410
314630,180888
394280,294140
379780,305275
465765,105125
427274,430242
433200,278200
547658,141714
337240,374100
393950,285750
343175,283060
527029,136332
398920,563515
297740,517420
318194,175889
284005,99485
577648,220224
371100,354800
551510,174395
231000,681300
530970,200110
249660,338010
524000,185910
345320,108515
283990,650200
541130,178385
425720,577110
349700,470700
595005,149132
238460,725100
252030,663540
430275,357400
258750,662310
348710,419290
530585,187505
478380,411000
272980,675500
315650,186560
511818,193404
527531,163627
527739,164861
322132,191943
257030,662440
339400,385040
295213,645437
461980,341255
229500,675500
576028,112879
452365,374410
482294,163735
534120,170550
526300,176675
443255,120655
436215,434430
388300,410600
345585,293588
531690,181150
573153,107296
468370,508485
505100,432880
360100,371600
530700,202800
452915,195276
257680,894770
337700,714300
317640,668280
316570,691850
329800,195800
571435,166750
280220,240677
365910,404880
314890,684090
248420,671420
229752,649195
533570,184780
533525,185005
336600,550600
323100,473800
263420,784900
470685,508410
314447,178674
412305,269650
439170,387687
640480,269720
554314,174378
369400,422500
498740,176970
389925,388240
296400,76700
297930,78660
255670,669125
637424,152584
425695,127075
277900,379100
416490,419140
355600,370400
504214,187733
502800,187900
532810,176090
376425,487480
517051,150180
537160,177390
618320,243910
245755,55435
318040,171890
548975,182980
452523,190507
296062,91520
385585,150000
315400,171000
300570,191980
255323,858608
434600,513400
397270,384590
612730,279660
215980,727210
261230,663210
313900,677900
239120,675710
429400,514000
273740,352190
239800,675600
240580,675080
422400,408500
309668,687102
311630,688440
241000,649400
284860,901250
423025,561770
402070,394730
391355,395576
245398,55850
431130,405400
313920,267110
583550,116480
278309,367024
457125,403175
432380,381300
416920,274920
517073,150417
539662,141508
631380,141464
625597,231777
269690,298020
560300,303330
515960,181065
436182,335593
369223,90053
368850,90240
351080,679410
427000,542800
502700,457300
306340,498900
515987,149869
252380,670490
226800,675500
278140,665515
512000,103200
435500,378400
431100,410300
389290,263350
250967,670514
531445,185465
551454,157500
408830,287835
396740,291865
434604,343575
177845,831521
261580,665020
561832,258575
256010,663666
297660,576520
638670,166307
278110,700990
368080,678490
181207,833239
340242,729793
303080,741680
375290,202160
407445,378125
424325,421805
388480,812780
258170,323330
517938,180913
527820,149160
316260,171650
437230,561460
560959,99124
561394,174108
317539,207172
377900,398790
601820,290030
348270,392950
532841,165770
412300,385360
337170,389950
385340,390300
325900,673900
318390,671270
534310,193570
544040,147487
544522,146571
537420,167520
533440,175360
573484,153607
510271,155892
268230,111480
501143,171073
442200,515100
441565,433035
538800,138200
480430,505380
263310,654670
445732,119071
321823,862199
535780,168411
598970,263980
542250,170660
532085,178945
438080,400370
553321,227014
340330,376510
542700,174960
476990,340030
519080,196320
409550,274290
554350,279440
570200,156900
449700,329700
553965,187865
474825,106325
532180,196666
536427,198745
532970,196550
372700,417800
522806,159759
520700,160900
410985,292280
314957,187866
554271,134488
551130,178100
526050,173040
357750,395120
475300,171900
514696,165824
268210,664960
532120,184140
528445,169250
334721,379404
480034,429437
571431,126301
567634,178969
529545,182675
355688,418431
403706,244452
522569,162158
521480,162660
515975,103745
291875,92995
291175,93320
291461,91965
257177,665510
300002,81170
298043,86399
553565,164934
221030,654640
544553,175403
288780,680290
288300,679100
181777,32322
181130,32085
585622,197826
534700,108700
456971,106257
484446,146548
292380,660140
601585,160924
521728,134388
337916,397336
281518,878244
510600,173300
533410,180940
309485,99355
303600,199560
498570,425560
262900,221200
195200,239000
194535,238200
511370,480690
361060,178595
436647,217265
473000,352000
441475,415290
406010,285910
481626,155260
302070,533800
324500,373100
503390,234980
374575,394184
622084,136286
620985,136428
207990,726750
394716,396126
630250,235146
526070,185050
531358,186746
500215,104280
535410,172940
329150,406850
302950,858920
289100,942500
411750,298010
320880,485460
540885,248760
560739,136362
465360,100050
261600,312900
486850,156010
487725,156630
351870,377895
379130,160370
390421,397183
487430,157717
623525,220426
497600,145140
531560,181840
555595,169330
374400,406000
378450,147610
402390,536890
329110,408250
540458,185335
225600,677530
210531,774186
314440,177940
415305,436035
483530,105060
525483,105366
488245,234292
442475,420480
514830,171840
400840,383540
488294,182334
236600,210400
401420,289320
401421,289320
440785,433540
266800,664500
378870,491810
295380,249430
239500,861300
355500,399300
354100,407200
384720,388477
482000,388400
364450,372850
481900,389900
496622,143946
500184,188785
399180,404690
514810,183900
380275,462915
392550,397550
552940,189310
256375,659125
533321,171235
219030,598380
478330,505555
443530,423825
369555,392495
483700,428700
445645,404390
315300,199100
258794,665257
258737,665139
259890,665200
232190,652740
259190,665515
259241,665531
380980,126110
280200,376000
292900,710500
189870,780970
577520,168365
329110,697220
383675,218580
403480,394190
545790,108670
558545,174842
332490,387860
519835,178380
317455,174965
538060,177335
330320,333400
396460,394995
546400,187300
536277,148357
355800,734200
282550,899750
508915,147842
474414,423753
378300,369550
460247,180642
531880,197780
510477,103189
389064,396939
528300,185670
224280,677950
341200,478150
259240,196400
509940,421310
426610,141270
410100,290800
561340,177810
318930,483920
228200,675900
227260,676160
331960,567905
315500,959300
393200,453600
224250,691050
527520,410357
526800,409125
425000,378800
275591,673147
482800,505270
531750,195470
511965,199890
270029,667790
286400,189900
540640,172145
564577,174029
252182,668590
457405,510830
611198,221460
550478,242429
523900,410420
491400,335200
378300,245700
489300,201319
421510,562730
528700,141300
499200,149600
418830,442230
242750,70830
625523,335128
331900,353300
453200,515600
514600,413560
534890,184925
537060,184572
402400,396000
645842,298493
526225,198210
473091,208549
367300,404247
533555,183955
390140,280510
430413,455336
534555,185100
376990,386930
570347,164326
330468,400600
638868,277868
344856,385611
447030,455825
272200,655200
271220,655860
513300,169803
404915,292580
332690,389130
517450,169740
443273,214245
515390,180520
379215,431745
520940,183370
260800,654300
515314,188012
363150,371780
625987,232397
489802,132928
530404,115543
581450,109650
523240,208750
423295,381040
397420,394280
422400,266400
471781,106595
552240,359890
196000,215700
331130,365860
331140,369500
509714,179422
155970,37325
324000,673200
540030,166060
391980,386750
399500,426800
583430,155060
559378,141370
526970,343670
385030,270735
376640,366930
514650,343580
515376,168361
399977,312494
522140,188270
414330,416910
583800,144000
521870,411040
318111,180385
318080,180300
449674,115000
426815,435820
513870,190590
385166,457229
302380,915475
348670,375635
504300,205925
315400,195000
414830,265950
458560,422820
351543,240546
531955,174410
512155,165425
532980,212910
502925,425685
328590,381960
546530,144550
428550,561970
394030,564320
448290,224750
340290,460070
531681,212856
578910,212200
332200,147000
531585,184735
538575,191840
427120,522500
531585,184725
571556,172613
332320,414440
466385,103615
442700,293200
361960,405220
420263,94821
519433,229734
330020,403680
372757,411285
528580,165930
384350,385865
555680,148500
255100,672100
409760,424960
410590,282115
517465,143780
252680,664840
251650,665080
229700,682400
229920,683300
370420,563790
224800,382200
447300,108200
560733,102125
378346,395102
527265,185630
420500,281270
600090,133770
398730,91730
515600,165300
385875,383310
402540,289720
298995,525385
476380,182270
353537,839618
523300,271600
584237,192762
394600,90200
276400,659500
535840,184940
316460,100340
414590,412430
535910,174145
411485,244820
472520,153940
334980,378250
330700,358300
418080,383280
338030,277435
528665,142666
517865,130980
364365,409192
346860,411545
348530,386450
513870,174935
528912,105559
475215,430420
239480,660450
514449,203409
533575,183155
321700,388800
531400,188200
531885,188193
258100,331400
554785,190575
503456,230355
597770,287950
547160,212340
544626,211232
431130,453860
617130,167450
530900,189200
515465,189460
515465,189461
513735,214175
509223,154518
586620,152910
539970,151380
451200,532700
284830,659110
424425,439115
513065,191325
388200,392100
464745,410680
539000,174455
502865,452220
380370,472660
505020,175780
507453,175848
507525,175815
507993,174516
508100,174400
504938,175645
454020,349303
509200,428800
377190,430660
434014,168545
510115,476660
343139,385212
344060,390650
249890,663600
486935,193053
384250,564535
394436,395017
394424,396454
526020,171160
493615,367350
255300,667600
533045,124630
223470,674320
525053,136663
543570,186500
411785,447640
359570,404870
345650,375825
564982,199165
362950,827610
220530,671840
334930,729870
257985,895356
377580,821800
615700,243800
371315,393146
231600,638500
515600,176400
452600,214400
503730,179898
270443,868656
313100,683300
266788,845473
264745,56570
451288,517708
334150,390230
193300,210700
243300,663000
254670,667950
327524,691647
383866,276299
375240,405343
406565,441310
343000,851600
586264,219241
398519,197581
556784,157738
352000,493200
254390,660230
570002,267267
524325,179180
523560,183240
523215,182785
536040,169945
486411,278038
519020,178120
519195,176740
245160,56715
365631,168890
327000,686900
259345,660760
518242,169561
275700,800400
524815,156585
540945,175632
383700,354400
240100,206500
290150,921740
212600,207200
242717,638224
229600,643600
286190,931600
425637,222699
449439,236125
621566,220753
341925,432650
340190,399210
461426,407872
525475,183590
460480,509555
508000,202000
240816,641088
246800,672900
562301,320076
502593,244819
510671,170307
590526,166148
548500,162900
524908,220250
321040,670248
530300,183000
329100,272400
532420,160120
404700,279590
434805,457130
438635,167200
449000,423600
529035,185150
528610,184700
325400,274100
375320,378380
266212,116910
322700,482540
273500,612300
334926,394240
264300,659975
310500,667100
271870,664230
450110,356138
493400,399600
628938,143992
376200,506670
339700,475630
516710,188335
448890,382923
450715,382470
176247,827123
330600,709600
568118,188190
258265,903922
459038,83308
572390,286293
257365,669490
201400,200400
288575,643660
347230,461720
279488,377857
267800,375200
501300,179800
272655,107950
418785,271610
286000,682600
220344,659215
276065,651235
360881,173377
332315,438160
354835,539725
257900,326900
531925,175855
205500,778300
176900,782600
411900,309175
199500,778600
318500,694400
232335,862562
413600,309930
413601,309930
236060,657970
313780,581800
370890,238625
498936,239106
537730,174890
506145,224080
414630,286990
476220,507880
327000,390700
429870,433352
540010,174230
351924,392469
554555,146175
154770,37220
154430,36640
589130,151850
265500,671900
350210,258860
459300,304100
516300,156840
344900,720670
541621,109830
538050,175950
354730,422710
538150,187530
252600,371600
238562,673180
560129,168857
370550,434375
444960,346960
399760,288440
452875,370825
636317,308423
583200,185790
518621,132520
536120,181111
497571,370888
539400,143800
484156,130905
224760,63695
477712,127718
393840,416280
533216,181641
413270,415375
314830,179550
314700,190100
317420,271620
263350,222620
305930,261360
276320,234520
262000,215500
269960,228550
293630,247360
256400,201200
320990,273030
300170,183060
321645,200783
318110,182200
250650,199445
269740,197540
297050,168900
271500,231000
288310,246410
299500,193800
431735,265251
433287,95517
432741,95804
259870,318010
518200,104400
261800,337900
532930,180190
532930,180200
257030,328630
398695,306535
462400,266680
497897,166062
448040,332185
344660,676300
385585,349423
300510,677090
280063,361693
257420,661000
390900,343633
212380,727460
454335,320455
401370,277600
534790,184260
462750,521990
225390,53920
367367,408594
467305,345910
654747,292890
383350,457900
500264,150030
371670,771750
369070,374620
354735,425535
210660,59765
536830,171370
521712,232758
317880,183520
502540,102180
482349,206620
557480,287460
337210,376920
491091,225024
351335,275045
278400,382000
510533,220534
509259,221604
204805,58070
387300,394172
303537,668663
306140,665300
335000,390200
335001,390200
335100,390500
335100,390600
340920,384909
357320,533460
363420,201845
392220,284670
298260,85720
298925,84156
433392,110147
258920,309720
336510,427420
539310,186875
391960,373600
285900,190900
285520,191420
338360,401490
521090,166510
478690,471360
547928,291110
609374,232220
425400,564310
541973,185716
574375,144725
634720,170550
485590,186512
396290,389320
451950,516860
527550,182000
304940,198960
429760,358445
429605,360230
256770,662870
229860,610030
539175,177865
439900,112600
451772,142833
274480,301320
444450,432712
449564,520702
488725,180745
359950,97980
394550,384790
439121,391345
537730,245500
390040,164540
323350,389800
628710,250380
228970,61260
417480,444050
335592,417083
564100,167900
529155,153291
307700,199500
305010,206000
447300,399600
262800,314100
453715,360850
453460,363235
488820,168370
457305,166647
241400,662000
259990,338530
259940,338560
420670,232690
631192,164122
420410,419480
611884,231722
528270,167600
329940,701510
484189,238029
510715,388740
167560,797060
500707,240510
351220,370780
386195,392940
190026,206183
495406,141335
255535,674455
521320,191925
367000,426680
317200,480200
532530,106930
388734,406089
475280,318740
378223,247510
634155,146600
383434,397524
381932,385387
384035,397505
384772,397873
380800,396200
384000,399000
480937,204765
207000,199400
322200,389300
266485,662835
377875,381410
275000,105100
349700,732300
359205,174540
371200,758000
167800,793000
343210,464170
525360,167880
377960,89090
334340,390650
334341,390650
446100,411160
397360,402034
431855,126160
275054,657175
542580,173240
326074,390621
522575,167710
303840,536170
541857,297838
532693,181683
591668,223925
474170,287425
427070,428250
420290,585385
275925,652365
376770,402235
463500,521800
404680,411849
416700,285500
520465,175770
256237,669560
539183,184927
333050,671690
373520,406670
339200,387300
337940,430260
253050,663340
388759,402986
575440,156115
575949,156206
575592,155374
258455,661570
507700,361400
467233,164110
257562,659695
252742,850189
401323,425845
286752,71200
505860,458450
347900,169200
288160,856010
365320,351940
454090,297350
377261,388782
526500,196000
536720,170470
354590,685150
321053,196956
330480,393914
331830,671850
532950,174570
275100,197500
609110,254880
247900,657080
329235,377737
298585,507910
446400,108585
480488,354510
448252,166830
447205,166730
528500,410390
544943,100926
544924,101489
342690,413140
521410,168670
585914,164965
552231,233584
181590,61770
528670,192220
536189,176950
536190,176950
508350,424080
316640,175980
252210,660150
279520,362260
436430,493200
386030,437660
534875,191030
424234,95184
474759,260486
436470,292190
530710,169720
438165,422830
534000,168200
421120,434290
313150,680830
212050,214710
519435,169545
623900,308400
568385,105672
402420,278910
561621,174435
519030,175410
288040,98910
488600,153725
513827,185570
461905,340845
366950,373943
387270,329930
457455,339195
428960,515750
535390,176005
453850,515050
478740,105766
530495,149170
628160,329740
261780,614260
536739,177100
536740,177100
424600,563820
544010,173040
517660,186220
571190,159960
399720,385330
399530,384750
564400,262700
330780,188245
479600,354300
452240,352810
426600,524360
395639,395516
266450,660450
271580,798450
359350,395320
234130,623160
311100,291300
485690,309030
369670,310730
185795,729888
559003,182828
516477,140455
259220,94430
527000,194800
373614,164533
336990,399330
532700,182500
396280,285890
413400,282300
338490,376740
582458,110693
336140,396560
341740,408435
545505,165875
353111,403973
553200,159407
652420,293140
651920,292205
432410,424430
451790,150830
353125,490165
450477,206341
514172,160973
539317,152862
539318,152862
363080,390030
526648,181251
288960,60600
530915,192745
463251,176664
430710,451460
349080,410740
207700,54100
357849,170655
297900,520610
361060,180930
253675,657725
518700,298900
355662,403959
461749,105835
535020,176745
534190,176330
435535,333413
422760,587150
197040,203550
199160,201130
318460,171420
296000,181700
534940,170510
315030,197570
262100,296150
425105,403275
179835,32360
242800,336500
147588,30599
178080,39810
395200,248030
311220,723133
544440,167550
416070,160370
462973,100090
253280,660140
356620,184380
296413,94160
573828,187585
534191,176330
514733,204274
567079,145272
258040,663200
257580,662840
256835,661410
255910,661350
536420,116148
544800,178820
179450,832950
364200,426200
392420,796710
334926,439587
592221,143279
372112,375381
247700,55300
244700,200700
211820,199080
536060,195545
535395,170720
392040,313990
271821,376557
306050,197670
551957,146480
258790,204080
351145,529900
311800,206100
306000,203800
262300,210800
329540,361180
275280,353610
412440,92400
558238,104813
293100,678190
294097,93483
330000,200400
303460,181459
401274,91089
455940,453650
302660,191350
258850,668640
525010,201359
391150,383730
339230,673770
353705,333763
346990,392160
261320,338820
479964,202758
588033,187015
623803,232649
529975,106779
353409,429177
257120,338410
256630,339190
263100,119320
408750,563475
406750,290960
177900,34710
390400,377390
464164,100275
526471,105551
333660,384060
248300,663420
248304,664230
247200,664800
257800,328000
306400,383100
403770,91485
276700,189600
255630,666490
446100,421940
446070,422730
445070,422180
232070,674430
293830,758100
376325,398733
474387,123571
307190,189800
504285,118595
555417,178156
531470,161520
532500,162600
524000,175100
563868,104381
565137,104606
234920,626210
235013,627024
237500,335000
426460,303190
309900,264800
282297,182125
184890,60405
524600,183200
528810,176740
308600,196600
591300,172100
258135,662555
516427,199832
464780,339478
313475,180450
581878,166263
637348,165700
242260,757890
503710,344210
468720,421900
580207,191029
523190,169280
538655,170235
573380,123515
389940,412650
199040,61460
574771,168157
505745,194597
534010,186170
641350,302250
403830,267580
452603,198878
532505,160980
471528,173813
471543,173742
471529,173813
437340,113520
460100,524960
461310,524200
457410,524220
470264,173430
528128,150600
389720,394750
389550,393250
358480,174550
170040,42009
530835,160785
525476,150730
238700,678290
621940,340720
308540,496490
349160,391420
315870,180950
306200,166200
232800,373800
300900,381200
311110,207470
376560,478960
336200,396100
518085,175155
518095,175165
496525,237375
401920,561565
324458,190233
372400,429800
368590,431600
347750,402560
552095,182030
343200,390700
587325,190445
332845,386675
272500,901980
326214,189069
395009,388824
473830,352570
271270,351410
551389,188476
394160,390804
435669,121581
322010,469470
381465,432245
311186,684546
442590,393020
398000,286600
227250,781030
540582,210496
535387,241247
508660,350580
470191,380318
470400,380200
535305,179785
261540,661920
422850,419950
330070,343820
346680,415630
451117,275937
404830,319120
404360,317420
350874,382676
355760,381390
489030,509180
473421,110816
459405,92920
459361,93622
388604,395550
459631,91977
591895,120543
538488,209762
434365,418635
520170,179280
351776,179546
413885,438047
528473,146330
629370,314050
346260,432000
262670,98535
334220,393030
356840,388600
278130,610150
289830,183400
243120,58720
489200,375300
373780,361520
549019,215064
476965,105985
535160,178370
466400,521400
520330,411590
534840,196230
395934,398653
503900,488300
489400,410800
532830,164380
309600,956020
252930,668280
347620,475200
515465,185710
516885,185290
614806,136811
414964,185199
224900,57000
212460,206090
532857,162747
439400,559600
548178,99131
442080,549555
503260,483940
303715,501060
496500,191030
302080,503400
461786,432235
533105,167610
605210,157242
447430,411130
404460,282670
354961,175871
543100,105490
451680,529540
381726,463478
533455,188800
346200,187600
333338,397085
515465,182960
284500,244000
534935,180940
500200,147100
352929,176374
458100,81900
447245,124965
450640,433700
593986,185044
423560,525730
435880,386953
546516,252219
561349,195022
508153,167563
364050,116190
374950,307660
277350,655530
410630,278390
525425,167190
526390,184075
410640,304635
444760,111000
330800,369000
330750,368890
523799,179989
399888,538705
477640,179762
539190,248150
415005,437445
453370,367760
533629,182251
615810,343050
521800,105300
455515,381195
552587,161510
591810,174950
539330,169320
349445,312960
264880,664370
287420,659840
386400,786200
256510,661930
546335,172640
313100,481960
460197,315255
249728,670900
533916,192420
556230,363215
517330,187060
272380,197460
398400,451400
429030,404340
552248,176588
322400,671100
224830,641330
506790,345420
486800,508120
568227,182276
381800,398910
383186,398515
497839,180157
413662,130153
407930,414150
478655,425715
459815,90504
538131,211803
392592,415198
524945,168635
449482,432038
596190,199566
409650,285100
647930,296530
402090,288720
464250,422290
483352,161550
459305,84467
540673,170245
439705,556910
439603,557588
399310,290085
517765,248773
565892,127169
570660,161860
624537,151141
419490,255150
418490,256540
565583,167583
414490,279620
441884,110798
441327,112161
444836,117013
333832,417135
524390,322840
439700,335139
222120,781430
334960,711890
564174,284098
578392,144450
333920,383020
419630,410280
609430,297491
411150,282840
260570,667670
428143,218642
330883,431734
511070,185440
463542,98803
391870,322933
504150,171446
515549,207076
514526,206414
502925,306650
555683,223530
551440,224830
432800,456000
332241,429010
201611,52565
346905,498090
244685,58010
244645,58080
297035,511965
405430,561380
191100,59560
194231,842124
557394,174913
443130,113815
412930,287450
403730,444875
266210,668405
154150,35730
523448,224090
241780,646060
538557,184444
538175,184760
236020,57480
512627,179804
453310,521270
588162,185503
587569,189000
318920,672240
351600,395400
353574,393222
589547,185767
439725,420132
588128,185997
524323,105147
279757,693585
151947,40127
292682,93498
536393,188735
537435,176345
225102,61032
483965,210603
533670,186910
389260,389870
418415,410870
522024,164159
580300,109365
336710,386950
533380,187930
516810,174255
546640,168295
519660,184210
519790,260710
590564,163871
380800,205280
343950,376040
444156,519591
387953,345645
389670,334555
533680,188595
530050,183175
360765,174434
530000,183160
529990,183135
390998,283295
391000,283300
390460,284190
297700,81900
530000,171300
529710,170505
530270,172685
397841,386465
186467,834667
206200,561400
574027,169356
384950,205125
515520,172415
450595,357700
617746,160401
226940,641290
605160,258850
501496,242222
384090,383520
587723,241073
256817,669675
510119,169998
481311,198112
495206,166764
500160,175575
518100,167300
535642,178946
411970,296360
526034,163826
525635,165525
545455,187100
552267,155340
354033,184781
591234,169158
265700,193600
427590,98420
633258,157613
625800,148200
446160,399060
551016,168271
486820,364390
560582,174761
377720,402070
451750,108720
406235,423495
521840,342920
443910,115930
638520,263150
535370,171600
533540,172160
516420,177200
462113,311120
445275,518450
448450,220530
523100,156200
312510,183190
278185,882385
258660,321510
278720,371690
401710,295010
264965,341560
491580,181340
522590,158140
322755,125460
200340,731220
547275,360695
515660,166870
516019,170815
294200,73100
370285,309359
212940,200600
595666,163108
510930,418840
258870,655110
452752,166361
528800,136900
535927,201128
464400,170900
410675,273465
586770,283670
359390,112505
349650,393580
441000,481570
255230,659955
583835,114545
591627,185689
468080,413770
469240,412370
617845,221285
469695,348465
532250,168350
311300,967920
591823,265030
427530,277530
467483,175173
395640,292510
314000,203200
394560,129060
304520,113960
563626,176337
261000,336100
370785,122540
421316,304460
421315,304460
299790,192210
393520,424160
519845,165605
558789,146027
289460,184370
256310,303870
297270,195380
527950,170585
296646,88419
290555,63505
290360,64850
280170,60920
436480,113285
340160,405510
307050,202380
308300,188900
304470,191050
293860,198170
295940,196490
379470,395385
310670,186280
628080,236100
495087,212241
445900,405600
232560,630880
181667,44924
385160,157880
437300,513800
534500,189500
235510,780240
531800,172910
558428,139207
535130,198900
421490,329675
516115,173660
479042,175787
234882,372360
317080,180970
260260,334950
232700,730100
233390,730220
411030,284030
258260,300700
547295,120905
269370,660890
509219,169395
512490,414970
451803,439995
328460,477870
260950,123800
404400,283700
306220,670570
350950,403780
556130,186870
556130,186860
529750,186630
327990,388286
367140,83280
376600,394670
409700,333270
534068,158353
229200,379100
530430,178030
530431,178030
528900,179000
528901,179000
500115,167955
531155,164830
562150,133004
549700,358770
329020,392890
329050,392320
339750,386190
536521,200321
373820,402640
336700,672380
636410,150340
528843,163991
401130,298510
335970,395930
493100,150326
527730,173510
535025,180175
535998,213984
478085,178289
391956,88144
517083,133948
428620,265460
426560,265400
550020,264955
511359,196098
511040,197343
511426,198664
511000,197300
561240,311050
529610,219210
531060,179950
433315,354125
314720,177300
525380,178000
504200,161075
302000,663400
534715,181845
354985,341400
632605,255760
586756,185481
540245,178070
532150,166083
393200,422207
541850,185355
580420,197735
442850,385400
436830,429080
528720,159385
410710,271745
415450,277570
524811,170666
424485,594190
506120,180120
538490,189415
532750,173030
525970,175120
516666,180735
388620,339310
614657,221756
427600,447530
523653,205697
546090,176075
365150,311640
322995,307251
518955,185340
351750,329010
219360,668550
486547,207750
612825,137240
361700,469920
632400,170000
254130,670430
346740,554660
507473,163651
507474,163651
367960,79610
458770,298620
319820,669770
372960,436495
401120,381480
539210,182970
315225,180913
234210,674090
533690,191340
273730,664120
304590,97368
228540,675110
347160,391080
297460,518690
219900,216500
410200,277100
525520,184725
525472,184836
562320,188048
611286,166424
455670,422850
446330,148915
527640,296293
514220,173570
453425,376185
533841,158508
534155,157785
336065,950885
351300,387100
358133,405411
358140,405540
325300,548875
574512,193694
416764,258338
421785,301485
524810,170666
524310,169350
589974,118401
496590,176950
478177,170740
477160,171443
279250,654870
582047,215219
494850,137970
407940,290505
603670,221680
433880,420365
432718,420848
220870,648430
321340,386910
299526,528892
290500,181400
535940,156360
385023,381127
490330,268120
429500,328550
531350,180044
332030,398070
521860,182970
521950,182920
537020,188810
537295,188975
482065,241508
523933,212903
524697,215420
568739,157543
518210,185090
518211,185090
341420,498610
334465,161465
390647,387746
256505,657973
476324,154546
447765,129984
529390,176226
531530,194500
531910,172010
578934,218775
367050,366050
540580,185590
492458,236380
627380,248760
500660,158695
480596,168657
407600,536820
443904,111234
542740,178910
543754,178803
438810,402455
625170,221445
510447,164956
393900,392500
384450,86910
384950,255235
385783,255186
458545,379755
336760,162500
629690,325415
514484,103362
414790,263215
618095,231530
472800,106500
522220,166150
360120,347065
470990,431268
333121,350347
332900,350800
360650,388495
360033,387854
387750,145300
630280,318550
498938,155385
508370,186810
618200,342500
501400,174200
578878,109033
332420,161030
496852,177220
386200,152000
365402,406688
617025,247243
525045,164505
489800,510800
255250,657640
548420,247240
569160,152850
417530,291220
532060,120000
392000,298900
338741,390216
538276,166565
513300,103320
604813,146943
411530,294220
412000,564500
611423,300965
409250,275775
442100,511145
568526,150241
652000,308100
370100,182500
342500,166100
278325,98905
294860,197340
250870,669180
459600,451700
350454,323744
357050,114100
357000,116300
410000,280400
314200,194300
359745,110855
298610,194890
